[
  {"codigo":"AR","descripcion":"ARGENTINA"},
  {"codigo":"BO","descripcion":"BOLIVIA"},
  {"codigo":"BR","descripcion":"BRAZIL"},
  {"codigo":"CO","descripcion":"COLOMBIA"},
  {"codigo":"CL","descripcion":"CHILE"},
  {"codigo":"CU","descripcion":"CUBA"},
  {"codigo":"EC","descripcion":"ECUADOR"},
  {"codigo":"MX","descripcion":"MEXICO"},
  {"codigo":"PA","descripcion":"PANAMA"},
  {"codigo":"PY","descripcion":"PARAGUAY"},
  {"codigo":"UY","descripcion":"URUGUAY"},
  {"codigo":"VE","descripcion":"VENEZUELA"},
  {"codigo":"PE","descripcion":"PERU"},
  {"codigo":"US","descripcion":"UNITED STATES"},
  {"codigo":"HK","descripcion":"HONG KONG"},
  {"codigo":"CN","descripcion":"CHINA"},
  {"codigo":"ES","descripcion":"SPAIN"},
  {"codigo":"AF","descripcion":"AFGHANISTAN"},
  {"codigo":"AL","descripcion":"ALBANIA"},
  {"codigo":"1M","descripcion":"ALEMANIA"},
  {"codigo":"DZ","descripcion":"ALGERIA"},
  {"codigo":"AS","descripcion":"AMERICAN SAMOA"},
  {"codigo":"AD","descripcion":"ANDORRA"},
  {"codigo":"AO","descripcion":"ANGOLA"},
  {"codigo":"AI","descripcion":"ANGUILLA"},
  {"codigo":"AQ","descripcion":"ANTARCTICA"},
  {"codigo":"AG","descripcion":"ANTIGUA AND BARBUDA"},
  {"codigo":"AM","descripcion":"ARMENIA"},
  {"codigo":"AW","descripcion":"ARUBA"},
  {"codigo":"AU","descripcion":"AUSTRALIA"},
  {"codigo":"AT","descripcion":"AUSTRIA"},
  {"codigo":"AZ","descripcion":"AZERBAIJAN"},
  {"codigo":"BS","descripcion":"BAHAMAS"},
  {"codigo":"BH","descripcion":"BAHRAIN"},
  {"codigo":"BD","descripcion":"BANGLADESH"},
  {"codigo":"BB","descripcion":"BARBADOS"},
  {"codigo":"BY","descripcion":"BELARUS"},
  {"codigo":"BE","descripcion":"BELGIUM"},
  {"codigo":"BZ","descripcion":"BELIZE"},
  {"codigo":"BJ","descripcion":"BENIN"},
  {"codigo":"BM","descripcion":"BERMUDA"},
  {"codigo":"BT","descripcion":"BHUTAN"},
  {"codigo":"BA","descripcion":"BOSNIA AND HERZEGOVINA"},
  {"codigo":"BW","descripcion":"BOTSWANA"},
  {"codigo":"BV","descripcion":"BOUVET ISLAND"},
  {"codigo":"IO","descripcion":"BRITISH INDIAN OCEAN TERRITORY"},
  {"codigo":"BN","descripcion":"BRUNEI DARUSSALAM"},
  {"codigo":"BG","descripcion":"BULGARIA"},
  {"codigo":"BF","descripcion":"BURKINA FASO"},
  {"codigo":"BI","descripcion":"BURUNDI"},
  {"codigo":"KH","descripcion":"CAMBODIA"},
  {"codigo":"CM","descripcion":"CAMEROON"},
  {"codigo":"CA","descripcion":"CANADA"},
  {"codigo":"1N","descripcion":"CANAL (NORMANDAS), ISLAS"},
  {"codigo":"1O","descripcion":"CANTON Y ENDERBURRY"},
  {"codigo":"CV","descripcion":"CAPE VERDE"},
  {"codigo":"KY","descripcion":"CAYMAN ISLANDS"},
  {"codigo":"CF","descripcion":"CENTRAL AFRICAN REPUBLIC"},
  {"codigo":"TD","descripcion":"CHAD"},
  {"codigo":"1A","descripcion":"CHECOSLOVAQUIA"},
  {"codigo":"CX","descripcion":"CHRISTMAS ISLAND"},
  {"codigo":"CC","descripcion":"COCOS (KEELING) ISLANDS"},
  {"codigo":"KM","descripcion":"COMOROS"},
  {"codigo":"1J","descripcion":"COMUNIDAD ECONOMICA EUROPEA"},
  {"codigo":"CG","descripcion":"CONGO"},
  {"codigo":"CK","descripcion":"COOK ISLANDS"},
  {"codigo":"1K","descripcion":"COSTA DE MARFIL"},
  {"codigo":"CR","descripcion":"COSTA RICA"},
  {"codigo":"CI","descripcion":"COTE D'IVOIRE"},
  {"codigo":"HR","descripcion":"CROATIA"},
  {"codigo":"CY","descripcion":"CYPRUS"},
  {"codigo":"CZ","descripcion":"CZECH REPUBLIC"},
  {"codigo":"DK","descripcion":"DENMARK"},
  {"codigo":"DJ","descripcion":"DJIBOUTI"},
  {"codigo":"DM","descripcion":"DOMINICA"},
  {"codigo":"DO","descripcion":"DOMINICAN REPUBLIC"},
  {"codigo":"TP","descripcion":"EAST TIMOR"},
  {"codigo":"EG","descripcion":"EGYPT"},
  {"codigo":"SV","descripcion":"EL SALVADOR"},
  {"codigo":"GQ","descripcion":"EQUATORIAL GUINEA"},
  {"codigo":"ER","descripcion":"ERITREA"},
  {"codigo":"1G","descripcion":"ESCOCIA"},
  {"codigo":"EE","descripcion":"ESTONIA"},
  {"codigo":"ET","descripcion":"ETHIOPIA"},
  {"codigo":"FK","descripcion":"FALKLAND ISLANDS (MALVINAS)"},
  {"codigo":"FO","descripcion":"FAROE ISLANDS"},
  {"codigo":"FJ","descripcion":"FIJI"},
  {"codigo":"FI","descripcion":"FINLAND"},
  {"codigo":"FR","descripcion":"FRANCE"},
  {"codigo":"FX","descripcion":"FRANCE, METROPOLITAN"},
  {"codigo":"GF","descripcion":"FRENCH GUIANA"},
  {"codigo":"PF","descripcion":"FRENCH POLYNESIA"},
  {"codigo":"TF","descripcion":"FRENCH SOUTHERN TERRITORIES"},
  {"codigo":"GA","descripcion":"GABON"},
  {"codigo":"GM","descripcion":"GAMBIA"},
  {"codigo":"1F","descripcion":"GAZA Y JERICO"},
  {"codigo":"GE","descripcion":"GEORGIA"},
  {"codigo":"DE","descripcion":"GERMANY"},
  {"codigo":"GH","descripcion":"GHANA"},
  {"codigo":"GI","descripcion":"GIBRALTAR"},
  {"codigo":"GR","descripcion":"GREECE"},
  {"codigo":"GL","descripcion":"GREENLAND"},
  {"codigo":"GD","descripcion":"GRENADA"},
  {"codigo":"GP","descripcion":"GUADELOUPE"},
  {"codigo":"GU","descripcion":"GUAM"},
  {"codigo":"GT","descripcion":"GUATEMALA"},
  {"codigo":"GN","descripcion":"GUINEA"},
  {"codigo":"GW","descripcion":"GUINEA-BISSAU"},
  {"codigo":"GY","descripcion":"GUYANA"},
  {"codigo":"HT","descripcion":"HAITI"},
  {"codigo":"HM","descripcion":"HEARD AND MC DONALD ISLANDS"},
  {"codigo":"HN","descripcion":"HONDURAS"},
  {"codigo":"1P","descripcion":"HONDURAS BRITANICAS"},
  {"codigo":"HU","descripcion":"HUNGARY"},
  {"codigo":"IS","descripcion":"ICELAND"},
  {"codigo":"IN","descripcion":"INDIA"},
  {"codigo":"ID","descripcion":"INDONESIA"},
  {"codigo":"XZ","descripcion":"INTERNACIONAL ZONE"},
  {"codigo":"IR","descripcion":"IRAN (ISLAMIC REPUBLIC OF)"},
  {"codigo":"IQ","descripcion":"IRAQ"},
  {"codigo":"IE","descripcion":"IRELAND"},
  {"codigo":"IL","descripcion":"ISRAEL"},
  {"codigo":"IT","descripcion":"ITALY"},
  {"codigo":"JE","descripcion":"JERSEY"},
  {"codigo":"JM","descripcion":"JAMAICA"},
  {"codigo":"JP","descripcion":"JAPAN"},
  {"codigo":"1Q","descripcion":"JONSTON, ISLAS"},
  {"codigo":"JO","descripcion":"JORDAN"},
  {"codigo":"KZ","descripcion":"KAZAKHSTAN"},
  {"codigo":"KE","descripcion":"KENYA"},
  {"codigo":"KI","descripcion":"KIRIBATI"},
  {"codigo":"KP","descripcion":"KOREA, DEMOCRATIC PEOPLE'S REP. OF"},
  {"codigo":"KR","descripcion":"KOREA, REPUBLIC OF"},
  {"codigo":"KW","descripcion":"KUWAIT"},
  {"codigo":"KG","descripcion":"KYRGYSTAN"},
  {"codigo":"LA","descripcion":"LAO PEOPLE'S DEMOCRATIC REPUBLIC"},
  {"codigo":"LV","descripcion":"LATVIA"},
  {"codigo":"LB","descripcion":"LEBANON"},
  {"codigo":"LS","descripcion":"LESOTHO"},
  {"codigo":"LR","descripcion":"LIBERIA"},
  {"codigo":"LY","descripcion":"LIBYAN ARAB JAMAHIRIYA"},
  {"codigo":"LI","descripcion":"LIECHTENSTEIN"},
  {"codigo":"LT","descripcion":"LITHUANIA"},
  {"codigo":"LU","descripcion":"LUXEMBOURG"},
  {"codigo":"MO","descripcion":"MACAU"},
  {"codigo":"1R","descripcion":"MACEDONIA"},
  {"codigo":"MK","descripcion":"MACEDONIA F.Y.R."},
  {"codigo":"MG","descripcion":"MADAGASCAR"},
  {"codigo":"MW","descripcion":"MALAWI"},
  {"codigo":"MY","descripcion":"MALAYSIA"},
  {"codigo":"MV","descripcion":"MALDIVES"},
  {"codigo":"ML","descripcion":"MALI"},
  {"codigo":"MT","descripcion":"MALTA"},
  {"codigo":"MH","descripcion":"MARSHALL ISLANDS"},
  {"codigo":"MQ","descripcion":"MARTINIQUE"},
  {"codigo":"MR","descripcion":"MAURITANIA"},
  {"codigo":"MU","descripcion":"MAURITIUS"},
  {"codigo":"YT","descripcion":"MAYOTTE"},
  {"codigo":"FM","descripcion":"MICRONESIA"},
  {"codigo":"1S","descripcion":"MIDWAY, ISLAS"},
  {"codigo":"MD","descripcion":"MOLDOVA"},
  {"codigo":"MC","descripcion":"MONACO"},
  {"codigo":"MN","descripcion":"MONGOLIA"},
  {"codigo":"ME","descripcion":"MONTENEGRO"},
  {"codigo":"MS","descripcion":"MONTSERRAT"},
  {"codigo":"MA","descripcion":"MOROCCO"},
  {"codigo":"MZ","descripcion":"MOZAMBIQUE"},
  {"codigo":"MM","descripcion":"MYANMAR"},
  {"codigo":"NA","descripcion":"NAMIBIA"},
  {"codigo":"NR","descripcion":"NAURU"},
  {"codigo":"NP","descripcion":"NEPAL"},
  {"codigo":"NL","descripcion":"NETHERLANDS"},
  {"codigo":"AN","descripcion":"NETHERLANDS ANTILLES"},
  {"codigo":"NT","descripcion":"NEUTRAL ZONE"},
  {"codigo":"NC","descripcion":"NEW CALEDONIA"},
  {"codigo":"NZ","descripcion":"NEW ZEALAND"},
  {"codigo":"NI","descripcion":"NICARAGUA"},
  {"codigo":"NE","descripcion":"NIGER"},
  {"codigo":"NG","descripcion":"NIGERIA"},
  {"codigo":"NU","descripcion":"NIUE"},
  {"codigo":"1E","descripcion":"NO DECLARADOS"},
  {"codigo":"NF","descripcion":"NORFOLK ISLAND"},
  {"codigo":"MP","descripcion":"NORTHERN MARIANA ISLANDS"},
  {"codigo":"NO","descripcion":"NORWAY"},
  {"codigo":"OM","descripcion":"OMAN"},
  {"codigo":"1T","descripcion":"PACIFICO, ISLAS DEL"},
  {"codigo":"1C","descripcion":"PAISES_NO_PREC.EN OP.ABAST.COMBUST.O AVITUALL"},
  {"codigo":"PK","descripcion":"PAKISTAN"},
  {"codigo":"PW","descripcion":"PALAU"},
  {"codigo":"PG","descripcion":"PAPUA NEW GUINEA"},
  {"codigo":"PH","descripcion":"PHILIPPINES"},
  {"codigo":"PN","descripcion":"PITCAIRN"},
  {"codigo":"PL","descripcion":"POLAND"},
  {"codigo":"PT","descripcion":"PORTUGAL"},
  {"codigo":"PR","descripcion":"PUERTO RICO"},
  {"codigo":"QA","descripcion":"QATAR"},
  {"codigo":"1U","descripcion":"REPUBLICA ARABE UNIDA"},
  {"codigo":"RE","descripcion":"REUNION"},
  {"codigo":"RO","descripcion":"ROMANIA"},
  {"codigo":"RU","descripcion":"RUSSIAN FEDERATION"},
  {"codigo":"RW","descripcion":"RWANDA"},
  {"codigo":"SH","descripcion":"SAINT HELENA"},
  {"codigo":"KN","descripcion":"SAINT KITTS AND NEVIS"},
  {"codigo":"LC","descripcion":"SAINT LUCIA"},
  {"codigo":"PM","descripcion":"SAINT PIERRE AND MIQUELON"},
  {"codigo":"VC","descripcion":"SAINT VINCENT AND THE GRENADINES"},
  {"codigo":"WS","descripcion":"SAMOA"},
  {"codigo":"SM","descripcion":"SAN MARINO"},
  {"codigo":"ST","descripcion":"SAO TOME AND PRINCIPE"},
  {"codigo":"SA","descripcion":"SAUDI ARABIA"},
  {"codigo":"SN","descripcion":"SENEGAL"},
  {"codigo":"RS","descripcion":"SERBIA"},
  {"codigo":"CS","descripcion":"SERBIA AND MONTENEGRO"},
  {"codigo":"SC","descripcion":"SEYCHELLES"},
  {"codigo":"SL","descripcion":"SIERRA LEONE"},
  {"codigo":"SG","descripcion":"SINGAPORE"},
  {"codigo":"SK","descripcion":"SLOVAKIA"},
  {"codigo":"SI","descripcion":"SLOVENIA"},
  {"codigo":"SB","descripcion":"SOLOMON ISLANDS"},
  {"codigo":"SO","descripcion":"SOMALIA"},
  {"codigo":"ZA","descripcion":"SOUTH AFRICA"},
  {"codigo":"GS","descripcion":"SOUTH GEORGIA AND THE SOUTH SANDWICH ISLANDS"},
  {"codigo":"LK","descripcion":"SRI LANKA"},
  {"codigo":"SD","descripcion":"SUDAN"},
  {"codigo":"SR","descripcion":"SURINAME"},
  {"codigo":"SJ","descripcion":"SVALBARD AND JAN MAYEN ISLANDS"},
  {"codigo":"SZ","descripcion":"SWAZILAND"},
  {"codigo":"SE","descripcion":"SWEDEN"},
  {"codigo":"CH","descripcion":"SWITZERLAND"},
  {"codigo":"SY","descripcion":"SYRIAN ARAB REPUBLIC"},
  {"codigo":"TW","descripcion":"TAIWAN"},
  {"codigo":"TJ","descripcion":"TAJIKISTAN"},
  {"codigo":"TZ","descripcion":"TANZANIA, UNITED REPUBLIC OF"},
  {"codigo":"1W","descripcion":"TERRITORIO AUTONOMO DE PALESTINA."},
  {"codigo":"TH","descripcion":"THAILAND"},
  {"codigo":"99","descripcion":"TODOS LOS PAISES"},
  {"codigo":"TG","descripcion":"TOGO"},
  {"codigo":"TK","descripcion":"TOKELAU"},
  {"codigo":"TO","descripcion":"TONGA"},
  {"codigo":"TT","descripcion":"TRINIDAD AND TOBAGO"},
  {"codigo":"TN","descripcion":"TUNISIA"},
  {"codigo":"TR","descripcion":"TURKEY"},
  {"codigo":"TM","descripcion":"TURKMENISTAN"},
  {"codigo":"TC","descripcion":"TURKS AND CAICOS ISLANDS"},
  {"codigo":"TV","descripcion":"TUVALU"},
  {"codigo":"UG","descripcion":"UGANDA"},
  {"codigo":"UA","descripcion":"UKRAINE"},
  {"codigo":"AE","descripcion":"UNITED ARAB EMIRATES"},
  {"codigo":"GB","descripcion":"UNITED KINGDOM"},
  {"codigo":"UM","descripcion":"UNITED STATES MINOR OUTLYING ISLANDS"},
  {"codigo":"1H","descripcion":"URSS"},
  {"codigo":"UZ","descripcion":"UZBEKISTAN"},
  {"codigo":"VU","descripcion":"VANUATU"},
  {"codigo":"VA","descripcion":"VATICAN CITY STATE (HOLY SEE)"},
  {"codigo":"VN","descripcion":"VIET NAM"},
  {"codigo":"1I","descripcion":"VIETNAM (DEL NORTE)"},
  {"codigo":"VG","descripcion":"VIRGIN ISLANDS (BRITISH)"},
  {"codigo":"VI","descripcion":"VIRGIN ISLANDS (U.S.)"},
  {"codigo":"1V","descripcion":"WAKE, ISLA"},
  {"codigo":"WF","descripcion":"WALLIS AND FUTUNA ISLANDS"},
  {"codigo":"EH","descripcion":"WESTERN SAHARA"},
  {"codigo":"YE","descripcion":"YEMEN"},
  {"codigo":"YU","descripcion":"YUGOSLAVIA"},
  {"codigo":"ZR","descripcion":"ZAIRE"},
  {"codigo":"ZM","descripcion":"ZAMBIA"},
  {"codigo":"ZW","descripcion":"ZIMBABWE"},
  {"codigo":"CW","descripcion":"CURACAO"},
  {"codigo":"1L","descripcion":"ZONA DEL CANAL DE PANAMA"},
  {"codigo":"1B","descripcion":"ZONAS FRANCAS DEL PERU"},
  {"codigo":"1D","descripcion":"AGUAS INTERNACIONALES"}
  ]
